product,companyID
Stocks,
Victory Gin,QETH27
Crystal Balls,QETH27
Clank Model Robots,QETH27
Electrolyzers,DVVB31
Hurtloam,DVVB31
Tortures,DVVB31
Stamina Pluses,EMNK67
Treasure Mappers,EMNK67
Helms of Opposite Alignment,EMNK67
Dragon Scales,KTLA69
Rings of Poison Resistance,KTLA69
Lavenders,KTLA69
Chunin Headband,EIWJ22
Electric Seeds,EIWJ22
Mithril Bars,EIWJ22
Lucky Cat Paws,SFZS08
Meat Sticks,SFZS08
Power Herbs,SFZS08
Razor Fangs,YSSR29
Snowballs,YSSR29
Rings of Gain Constitution,YSSR29
Elven Mithril Coats,SWGF93
Pressures,SWGF93
Golden Fleeces,SWGF93
Iron Sands,YTAI13
Atium Bars,YTAI13
Protect Drinks,YTAI13
Lead Elixirs,NGBA40
Wide Lenses,NGBA40
Evangelions,NGBA40
PROBLEMs,CMZC67
Dry Ethers,CMZC67
X-Potions,CMZC67
Magic Whistles,PJKH65
Golem Disks,PJKH65
Amulets Versus Poison,PJKH65
Flubbers,HWHS51
Dark Planet Cola,HWHS51
Levitators,HWHS51
Weakness Policies,ZBIO05
Naknadan Shrines,ZBIO05
CodeBots,ZBIO05
Potions of Booze,YWMD69
Metronomes,YWMD69
Gauntlets,YWMD69
Lunar Curtains,EPZN28
Scrolls of Blank Paper,EPZN28
Bolts,EPZN28
Blades of Chaos,VAHJ53
Eject Buttons,VAHJ53
Fog Pots,VAHJ53
Teeth of the Dragon,HWJF09
Dunce Caps,HWJF09
Digivices,HWJF09
Monster Cells,AGBH66
Cell Cells,AGBH66
Infinity Gauntlets,AGBH66
Bablefish,TFLS35
Don Gero Masks,TFLS35
Azath Houses,TFLS35
Astro Boys,VPTI00
Turbo Ethers,VPTI00
Curiel Greens,VPTI00
Pym Particles,FORM54
Bright Powders,FORM54
Mjolnirs,FORM54
Full Faces,QLCE04
Mirrors of Hope,QLCE04
Shaman Bone Blades,QLCE04
Duff,WIZJ73
Owls of Athena,WIZJ73
Phials of Galadriel,WIZJ73
Pixie Disks,UFAY59
Decks of Many Things,UFAY59
Helms of Brilliance,UFAY59
Time Turners,DJNE62
Stoles,DJNE62
Arrowhead Disks,DJNE62
Leaves of Lorien,GBEZ65
T-1000s,GBEZ65
Holodecks,GBEZ65
Choice Specs,SXHU74
Decepticons,SXHU74
White Gold Rings,SXHU74
Arc Reactors,DOGG07
Master Balls,DOGG07
Venom Canisters,DOGG07
Golden Peaches,HPTP65
Cloaks of Invisibility,HPTP65
Niflheim Alloy Bars,HPTP65
Palantiris,GIWG34
Raritanium Ore,GIWG34
Shinigami Eyes,GIWG34
Great One's Wisdoms,QHXJ50
Moranth Burners,QHXJ50
Javelins,QHXJ50
Moranth Shapers,ERHJ34
Amulets of Strangulation,ERHJ34
Moranth Flamers,ERHJ34
Blinds,ZEHM52
Joy Cans,ZEHM52
Sending Stones,ZEHM52
Barrier Tags,TBVE46
Gantz Balls,TBVE46
Power Pluses,TBVE46
Hope,RJUD59
Hearts of Onaga,RJUD59
Daemons,RJUD59
Pulse Rifles,PKBF70
Hi-Potions,PKBF70
Gold Needles,PKBF70
Moloko Plus,BPLN25
Scent Charms,BPLN25
Eyes of Agamotto,BPLN25
Flying Brooms,WVEI17
Zoni Vessels,WVEI17
Katchin Bars,WVEI17
Energon Cubes,VESX21
Protective Pads,VESX21
Chainsaws,VESX21
X-12s,UWUK72
Razor Claws,UWUK72
Excalibers,UWUK72
Vagyrisk Claws,SHXQ48
Kicking Boots,SHXQ48
Gadgetrons,SHXQ48
Slurm,TRFG21
Stars,TRFG21
Shell Bells,TRFG21
Safety Goggles,SEKK26
Fridays,SEKK26
Gadgebot Upgrade Chips,SEKK26
Companion Cubes,EKXA24
Ninja Info Cards,EKXA24
Mind Pluses,EKXA24
Gold Bolts,PNFK78
Tachyons,PNFK78
Vampire Fangs,PNFK78
Black Sludges,HFLM11
Krytonite Ore,HFLM11
Deku Sticks,HFLM11
Coldblood Dews,VIMV38
Reflectors,VIMV38
Pandora Boxes,VIMV38
Sigils,DDIB11
Drums of Earthquake,DDIB11
Pipboys,DDIB11
Grip Claws,LBKT00
Horcuxes,LBKT00
Shooters,LBKT00
SMILEs,WVHK10
Bags of Tricks,WVHK10
Thousand Sunnys,WVHK10
Blue Orbs,EWUY52
Capes of Fujin,EWUY52
Kamidogus,EWUY52
Rings of Polymorph,UHOG52
Bolt Papers,UHOG52
Amulets of Reflection,UHOG52
Platinum Bolts,GYWU23
Argonaughts,GYWU23
Star Rubies,GYWU23
Razor-rimmed Hats,THJF58
Boom Brooms,THJF58
Red Shells,THJF58
Bone Marrow Ashes,QAZT26
Books of Vishanti,QAZT26
T-800s,QAZT26
Helms of Telepathy,MEOQ86
Drops,MEOQ86
Gravity Guns,MEOQ86
Key of Kings,KKZA87
Gorgon Heads,KKZA87
Heat Rocks,KKZA87
Amulets of Change,CQPJ57
Mirrors of Erised,CQPJ57
Shields of Reflection,CQPJ57
Alpha-Omega Bombs,SAAM06
Ultra Balls,SAAM06
Infinity Stones,SAAM06
Rings of Free Action,QOKP03
Faerie Tonics,QOKP03
Go-Pods,QOKP03
Lightsabres,LKPN86
Rift Crackers,LKPN86
Elder Wands,LKPN86
Jumping Boots,SFEO61
Oo-Rays,SFEO61
Triforces,SFEO61
Deck of Dragons,OKYS51
Peace Bells,OKYS51
Protopacks,OKYS51
Dino Disks,MHFC34
L-Viruses,MHFC34
Elven Cloaks,MHFC34
Cainhurst Badges,UIKN63
Zanpakutos,UIKN63
Fire Tablets,UIKN63
Millennium Eyes,CIXF70
Hand Lanterns,CIXF70
Blue Fire Powder,CIXF70
Holy Rings,WYFO79
HALs,WYFO79
Old Hunter Bells,WYFO79
Gundams,SBUT62
Cloaks of Protection,SBUT62
Butterflys,SBUT62
Potions of Sickness,DREA89
Catbuses,DREA89
Premium Nanotech,DREA89
Dragon Medallions,RNZB01
LiDAR Mark-Trackers,RNZB01
Rings of Protection,RNZB01
Sylkis Greens,ZFHD93
Touchstones,ZFHD93
Iron Spiders,ZFHD93
Mimett Greens,NFAH30
Gauntlets of Power,NFAH30
Cloaks of Levitation,NFAH30
Rings of Conflict,KUWI70
Silver Apples,KUWI70
Garu Disks,KUWI70
Water Tablets,CVMG22
Berserk Genes,CVMG22
Wings of Icarus,CVMG22
Mental Herbs,HSWX88
Primordial Flames,HSWX88
Limit Break Manuals,HSWX88
Orcish Ring Mail,VLJL11
Nano-paks,VLJL11
Holy Hand Grenades,VLJL11
Black Materia Orbs,VCSF07
Dornish Red,VCSF07
Frenzied Coldbloods,VCSF07
Moranth Smokers,IIZF28
Holy Bones,IIZF28
Vilyas,IIZF28
Moranth Melters,VVXA11
Strongest Potions,VVXA11
Rings of Adornment,VVXA11
Djinns,BDBU00
Flame Orbs,BDBU00
Infiltrators,BDBU00
Flames of Apollo,FTFI87
Metal Knight Units,FTFI87
String of Beads,FTFI87
Red Apple Cigarettes,DNIL23
Scripts,DNIL23
Dust Cannisters,DNIL23
Master Swords,ZVEN26
Thermal Regulation Suppositories,ZVEN26
Cranium Inflolinks,ZVEN26
Rings of Teleportation,CBOX52
Omnigaskets,CBOX52
Falco Disks,CBOX52
Assault Vests,LIIS96
Dream Powder,LIIS96
Hare Disks,LIIS96
Persuaders,FDWI64
Gauntlets of Zeus,FDWI64
Lawgivers,FDWI64
Chain Wind Staffs,NCYN50
Millennium Rings,NCYN50
Gonnes,NCYN50
Titan Horns,MRAH32
Binding Bands,MRAH32
Dazers,MRAH32
Amulets of Unchanging,FGVK43
Ambrosia,FGVK43
Carpenters,FGVK43
Philosopher Stones,IJPI82
Flying Carpets,IJPI82
Terrain Extenders,IJPI82
Magic Flute,AHMZ79
Rocky Helmets,AHMZ79
Megacorp Helmets,AHMZ79
Rings of Aggravate Monster,TVQQ54
Aether Tanks,TVQQ54
Simarils,TVQQ54
Feedbags,SUOX82
Kunais,SUOX82
Centipedes,SUOX82
Smoke Balls,QODV38
Shrouds of Turin,QODV38
Golems,QODV38
Unicorn Horns,TGZI54
Devil Fruits,TGZI54
Finnests,TGZI54
Crests,BMRZ75
Water Walking Boots,BMRZ75
Infobots,BMRZ75
Fumble Boots,QWOA67
Baku Disks,QWOA67
Doodle Disks,QWOA67
Beams,UEVD88
Goldy Charms,UEVD88
Meow Meow Beans,UEVD88
Air Balloons,ITTS26
Absorb Bulbs,ITTS26
Rings of Hunger,ITTS26
Red Curtains,ZELV96
Hades Helms,ZELV96
Stringers,ZELV96
Elven Boots,RFZG50
Dragon Balls,RFZG50
Mystic Keys,RFZG50
Amulets of ESP,PIFN94
Orcarinas of Time,PIFN94
Rare Candies,PIFN94
Light Curtains,YLGZ72
Damp Rocks,YLGZ72
Spears of Destiny,YLGZ72
Qwark Statuettes,ZSXF19
War Gongs,ZSXF19
Doors of Durin,ZSXF19
Monol Disks,IZLM67
Koins,IZLM67
Rings of Searching,IZLM67
Phoenix Downs,ORQH73
Nemesis Whips,ORQH73
Fire Horns,ORQH73
Blue Elixirs,QLMY86
Urns of Power,QLMY86
Night Dust,QLMY86
Rings of Levitation,VGYT30
Rings of Teleport Control,VGYT30
Amulets of Restful Sleep,VGYT30
Rings of Cold Resistance,DGTY64
Phasers,DGTY64
Orbs of Agamotto,DGTY64
Radioactive Spiders,RJCA92
Iron Balls,RJCA92
Potions of Acid,RJCA92
Fumbles,JXGF57
Millennium Keys,JXGF57
Lightning Barrels,JXGF57
Spyders,ZDAI73
X-Antibodies,ZDAI73
Red Fangs,ZDAI73
Potions of Oil,TKVF94
Surrounders,TKVF94
Stalkers,TKVF94
Repulsor Beams,XRBV61
Destiny Knots,XRBV61
Muscle Bands,EDYH00
Rings of Protection from Shape Changers,QCRG59
Behelits,QCRG59
BFG 9000s,QCRG59
Cloaks of Magic Resistance,GZED20
Thief Gloves,GZED20
Rings of Regeneration,GZED20
Lasan Nuts,VTKE98
Amulets of Shinnok,VTKE98
Spider Silks,VTKE98
Millennium Rods,TYAE14
Blue Flutes,TYAE14
Loadstones,TYAE14
Amulets of Yendor,OPET16
Namekian Spring Water,OPET16
Bombchus,OPET16
Cainhurt Summons,KEVJ11
Moranth Crackers,KEVJ11
Rapids,KEVJ11
Sabor de Soledad Chips,DBCS17
Shed Shells,DBCS17
Rings of Fire Resistance,DBCS17
Futuros,IZTD25
Dilithium Crystals,IZTD25
Mr. Zerkons,IZTD25
Map-o-matics,KKGI60
Moranth Cussers,KKGI60
Symbiotes,KKGI60
Grassy Seeds,XHYN07
Millennium Puzzles,XHYN07
Rings of Slow Digestion,XHYN07
PP Ups,OPZI26
Valaryian Steel Bars,OPZI26
Pensieves,OPZI26
Piranha Plants,HNLV68
Rings of Sustain Ability,HNLV68
Rings of Warning,HNLV68
Rune Bars,ZNQA84
Horns of Plenty,ZNQA84
Curse Masks,ZNQA84
Neuralizers,IBLA29
Wrath Hammers,IBLA29
K-9s,IBLA29
Vestiges,SZRJ90
Focus Sashes,SZRJ90
Psychic Seeds,SZRJ90
Absorbing Eyes,HYSJ42
Cornballers,HYSJ42
Gauntlets of Dexterity,HYSJ42
Holy Grails,RLZK87
Rings of Stealth,RLZK87
Rings of Increase Accuracy,RLZK87
Ghost Disks,NCCX02
Golden Apples,NCCX02
Shining Coins,NCCX02
Nenyas,PVAZ61
Sonic Screwdrivers,PVAZ61
Choice Scarfs,PVAZ61
Sorceror Stones,QBVN33
Gold Dust,QBVN33
Life Orbs,QBVN33
Amulets of Life Saving,RDBE21
V-Tamer Taags,RDBE21
Ultrons,RDBE21
Cocoons,FGQR22
Tricorders,FGQR22
Cornuthaums,FGQR22
Valars,KKGY69
Ultra Nanotech,KKGY69
Bags of Holding,KKGY69
Light Clays,NCXS33
White Herbs,NCXS33
Zelo Nuts,NCXS33
Wild Card Virus Vials,NQJL85
Gold Pendants,NQJL85
Gauntlets of FUmbling,NQJL85
Digi-eggs,BBAX06
Keys of the Ram,BBAX06
Daenarians,BBAX06
Ethers,PQSW95
Wands of Nothing,PQSW95
Rejuvenation Tanks,PQSW95
Smooth Rocks,VXSM31
Vesper,VXSM31
Millennium Scales,VXSM31
Kafel Masks,LAUA80
Ampules,LAUA80
Tonsil Stones,LAUA80
Toxic Orbs,QXFF29
Dire Rat Tails,QXFF29
Terondais,QXFF29
Nitro Powder Blocks,LWGE44
Adamantium Bars,LWGE44
Box Basher 2000s,LWGE44
6IV Shiny Dittos,AMBT33
Traveler Charms,AMBT33
Focus Bands,AMBT33
Replicants,MFZY76
Big Roots,MFZY76
Hoverboards,MFZY76
Frost Horns,BBJG05
Hexagonal Crystals,BBJG05
I-Suits,BBJG05
Scrolls of Mail,UACN81
Surfacers,UACN81
Scope Lens,UACN81
3D Maneuver Gears,NXTO39
Leftovers,NXTO39
Cloaks of Displacement,NXTO39
Quick Claws,INIL60
Blue Digizoids,INIL60
Celestial Dials,INIL60
Adrenaline Orbs,MKHA46
Tasters,MKHA46
Chakra Puppets,MKHA46
Dragon Disks,OUNH49
Australium Bars,OUNH49
Pokeballs,OUNH49
Magic Beans,MYXF05
Ring Targets,MYXF05
Jumbonium Atoms,MYXF05
Agents,GSTD71
Exorcism Slips,GSTD71
Alchemy Smocks,GSTD71
Diverseys,TQSJ85
Fire Flowers,TQSJ85
Misty Seeds,TQSJ85
Badgers,GGLV00
Scouters,GGLV00
Rings of Invisibility,GGLV00
Pan-Galactic Gargle Blaster,AYIH50
Wise Glasses,AYIH50
King Rocks,AYIH50
Rings of Shock Resistance,RQGG65
Potora Earrings,RQGG65
Sticky Barbs,RQGG65
White Fangs,OHKH76
Arm Nanoblades,OHKH76
L Coffees,OHKH76
Stickers,WWNS72
Magic Markers,WWNS72
Scrolls of Seals,WWNS72
Octiron Bars,SRYE59
Potions of Fruit Juice,SRYE59
Momentum Gliders,SRYE59
Sensu Beans,MFJJ99
Bold Hunter's Marks,MFJJ99
Icy Rocks,MFJJ99
Mocchi Disks,VVBY18
Ogyo Disks,VVBY18
Speed Boots,VVBY18
Golden Lucky Cats,KRRO64
Angainors,KRRO64
Raiden Disks,KRRO64
Horns of Gondor,JZTC69
Otataral Bars,JZTC69
Elven Ropes,JZTC69
Beatas Disks,KRXZ15
Pacts,KRXZ15
Keys of Orthanc,KRXZ15
Quicksilver Bullets,QMZU44
Transporters,QMZU44
Wood Mats,QMZU44
Rings of Gain Strength,OQXV70
Vorpal Swords,OQXV70
Cell Batteries,OQXV70
True Names,FYYD57
Ruby Slippers,FYYD57
Gargantua Space Stations,FYYD57
Heart Containers,OCQF34
Learning Beds,OCQF34
Soma Drops,OCQF34
Nanotech Crates,EDYH00
Rupees,EDYH00
Naryas,ISWT83
Blank Spellbooks,ISWT83
Felix Felicis,ISWT83
Hero Association Catalogs,QBAP68
Z-crystals,QBAP68
Blue Shells,QBAP68
Choice Bands,AMRO66
Cerebros,AMRO66
Nefarious Security Cards,AMRO66
Super Soldier Serums,YOQG45
Red Jewelled Brooches,YOQG45
Lagging Tails,YOQG45
Amulet Coins,ESPL27
B-4s,ESPL27
Goliath Serum,ESPL27
Nuka-cola,VKMV12
Wands of Watoomb,VKMV12
Luckstones,VKMV12
Meat Rings,FAWI50
Mermaid Coins,FAWI50
Levitation Boots,FAWI50
Romulan Ale,SMYT95
Rings of Polymorph Control,SMYT95
Unity Stones,SMYT95
Scooby Snacks,YCZA59
Saibamen Seeds,YCZA59
Dragon Eggs,YCZA59
Rings of Increase Damage,ZMLP81
Samehadas,ZMLP81
Hero Association Mugs,ZMLP81
Portal Guns,MDEQ10
Nanomachines,MDEQ10
Blood Dregs,MDEQ10
Nails of Helena,JVHD93
Red Cards,JVHD93
Magic Lamps,JVHD93
Float Stones,SXTM39
Replicators,SXTM39
Inkfinity Stones,SXTM39
Autobots,HHFP66
Fire Papers,HHFP66
Souls,HHFP66
Nemean Cestuses,JCWS17
Earth Harps,JCWS17
Mana Ore,JCWS17
Fusion Loaders,HHOA99
Potions of Water,HHOA99
Bottled Faeries,HHOA99
Books of Cagliostro,MSHS03
Vibranium Bars,MSHS03
Noisy Crickets,MSHS03
Stations,YFAM59
Knightmare Frames,YFAM59
X-genes,YFAM59
Redstone Blocks,CAVR54
Madman's Knowledges,CAVR54
Dragon Scale Mail,CAVR54
Pokedexes,HXDA52
Seastone Cuffs,HXDA52
Expert Belts,HXDA52
Moon Tears,PBFW95
DigiBytes,PBFW95
Cockatrice Claws,PBFW95
Wind Shurikens,CMOI26
Sausages inna bun,CMOI26
Zoom Lens,CMOI26
Tickle-tickle Bugs,FJOI82
Death Notes,FJOI82
Wumpa Fruits,FJOI82
Steel Soul Sake,WHPS18
Marvins,WHPS18
Tarkartan Blades,WHPS18
Blasting Rods,CUVZ50
Red Orbs,CUVZ50
Armour Magnetizers,CUVZ50
Ithildins,ZXVX98
Millennium Necklaces,ZXVX98
Golden Ink Pots,ZXVX98
Tear Stones,LIJW00
Magic Harps,LIJW00
Ent-draught,LIJW00
Fatmans,AWYB85
Wonka Bars,AWYB85
Veritaserums,AWYB85
Curries of Life,DILF10
Rings of See Invisible,DILF10
Cancellers,DILF10